501,ETHYL,CIRIC
502,JESSAMYN,RIZZILLO
503,EVVIE,PANKETHMAN
504,OSMUND,FINK
505,SABINE,ANCLIFF
506,PINCUS,MESSITER
507,DUNN,MACKNIGHT
508,BERNELLE,GUNBY
509,OLAG,VELLENDER
510,JACQUETTE,DUGGET
511,ISABELITA,PEARTREE
512,VIVIA,BERNASEK
513,PAULY,RIEFLIN
514,EUGENE,CAUSNETT
515,MICHAELLA,BUZEK
516,MOSHE,DUNDRIDGE
517,LUDOVIKA,MCNERLIN
518,MELITA,HUNTRISS
519,LORALYN,BRAMER
520,ANNICE,VICTORY
521,OPHELIA,VERBRUGGHEN
522,DUKEY,HOULT
523,LORY,SHERMORE
524,AUDI,LEEDES
525,SHANNON,ROSENHAUS
526,SCARLET,POLAND
527,AERIEL,LAFOY
528,ALLIE,MAPLESTONE
529,ALMERIA,DEVERICKS
530,DANE,BIGGEN
531,WILLDON,DELAHUNTY
532,CHRISTABELLA,ALESHINTSEV
533,GUNTER,GUTHRIE
534,NONIE,LEAKE
535,BROSE,DENERLEY
536,GARROTT,ALKINS
537,CONSTANTIN,DUNPHY
538,JULI,STRETHILL
539,JANEL,HUTT
540,RICARDO,SEIF
541,JANELLA,HOUNSHAM
542,TANNER,KURTON
543,TERRANCE,DAWS
544,PHILBERT,PREW
545,HERC,WIGGIN
546,BURK,GLAZZARD
547,LEONORE,DREWES
548,GREER,SILBERMANN
549,VIDOVIC,DE BLASI
550,WALDO,BAHDE
551,EDIVA,TOUGH
552,TERRA,CHOLONIN
553,ADAM,HAIRESNAPE
554,CAMMY,BOOTHROYD
555,KYLILA,DECRUSE
556,HILARY,GOODBAND
557,FIONNA,SMALEMAN
558,PRISCA,BANNERMAN
559,DALILA,MARTINI
560,ELENE,FRANCEY
561,AGATHE,DALLINDER
562,DOE,BODDINGTON
563,CLY,MOAKSON
564,GILLY,WEDDERBURN
565,VITA,VASYAGIN
566,JOANN,LAGO
567,BASTIAN,DUFFYN
568,SEPHIRA,MEDWELL
569,LEONERD,BARKSHIRE
570,CLARINDA,MASSON
571,SANDERSON,OLYET
572,URSON,BALINT
573,DAVINE,STERN
574,CORDY,CHAPPELL
575,ANTONIA,KUPKER
576,ROYALL,ASLUM
577,HELEN-ELIZABETH,PAIGE
578,DAVIDE,GOODSALL
579,DOY,RUBINOWITCH
580,MERRIE,CHAZELLE
581,MACK,BLASKE
582,DEHLIA,BORTH
583,GUSS,WILLSHEE
584,JESSAMINE,SNAR
585,ALI,LOGSDALE
586,ROSELLA,SHERIDAN
587,GAGE,HAKES
588,ELSI,TONNER
589,NICOLINE,LA VIGNE
590,CASSONDRA,VAN T'HOOG
591,ARRI,SELVEY
592,ARRI,HEARNSHAW
593,ORAZIO,MACIAN
594,STEFFEN,DISBROW
595,BELITA,HOBBEMA
596,FALLON,HEFFY
597,WESLEY,STARK
598,ILYSA,MCALARNEY
599,REGINALD,CUDIFF
600,MARIBEL,HURDEDGE
601,BENNIE,HATFIELD
602,CARESSE,ROYLE
603,TONYA,COBBIN
604,MALLISSA,WARMAN
605,KIRBEE,VERDEY
606,CHRISSE,STOCKER
607,MALVA,ABRAMSKY
608,ELLARY,HADCOCK
609,BORIS,PRAGNALL
610,PETER,HOUDMONT
611,CARLETON,RAYNHAM
612,CLEMENTINE,FAIRMAN
613,FARRAH,TRIPLET
614,TAIT,TOLLIDAY
615,MYRTIA,BELDHAM
616,OTTILIE,SAMSONSEN
617,BORDY,RODMELL
618,RODDY,YAKOVITCH
619,THADDUS,BARNARDO
620,ERNEST,EDGLER
621,ALLI,DEBILL
622,JARROD,KENRICK
623,CAMILA,REVETT
624,ALOIN,GUNDREY
625,JORRIE,KEBBELL
626,TOBYE,FEASEY
627,LAIRD,BISSELL
628,ROANNE,GROSS
629,LOMBARD,PATTESALL
630,GRAHAM,BANGLE
631,TADD,GOUGH
632,RUTHANNE,VASIC
633,GARRIK,GANNON
634,VERNOR,FAZAN
635,ABIGAEL,PRIDMORE
636,BRENA,BRUGGER
637,OBY,YAPP
638,TORREY,HILLIAM
639,JENDA,DRESCHER
640,ROGERIO,COSTERD
641,FOREST,STEINHAMMER
642,GABRIEL,COLLIER
643,SAYRE,BUSEK
644,CHAD,KLIMT
645,ELSWORTH,WHYATT
646,CRISTIONNA,SIMONETTO
647,CONNY,SMEWINGS
648,BEV,BULLERS
649,EMLYNN,PICKERELL
650,FARRAND,WEARN
651,BAT,BLAKISTON
652,BART,GERY
653,AKSEL,DYBELL
654,HENDERSON,BOWTON
655,BERNI,VAHL
656,CHAS,TRONI
657,ELFREDA,NEY
658,LORALYN,FERMER
659,DEVONNE,PORTIS
660,NICOLA,OLDALE
661,SARI,DASHWOOD
662,EZIECHIELE,SCHELLE
663,JENDA,PALADINO
664,ERICKA,SWADLIN
665,CORALINE,MASDING
666,DEEANN,MARKOVIC
667,STARLIN,SAURAT
668,ANDIE,GUIEL
669,BERYLE,WIDDICOMBE
670,MEI,STOLTZ
671,SIEGFRIED,MACKISSACK
672,BYRON,MCMAINS
673,TONNIE,WESTMANCOAT
674,RALF,DACKE
675,GEORGIA,CUBUZZI
676,GARDY,WERNER
677,CHICK,SAVILE
678,LEBBIE,GALLIHAWK
679,DEX,TOWSON
680,NATE,MACARTE
681,DAPHNA,PETRUSHANKO
682,TORR,KLEEMAN
683,LISSIE,ESCOFFREY
684,LOTTY,LEMASNEY
685,JOAQUIN,HUGENIN
686,KIM,BENEDIKTSSON
687,ORLAND,FETHERSTON
688,SHEPPARD,LEEVES
689,CLEVIE,SYRED
690,DRUSI,MCFFADEN
691,DEVLAND,L'HOMMEE
692,ADI,PHIPP
693,MOE,HORNUNG
694,JOSCELIN,BAGNALL
695,VERNEN,ECKLEY
696,TARRA,BOUTWELL
697,ALLISTIR,EDDOW
698,BLANCHA,BIRTLEY
699,JANECZKA,RUBIN
700,KARON,DUNBLETON
701,CLARA,REDLEY
702,DULCI,MARISHENKO
703,JORDANNA,VASHCHENKO
704,AUREA,KOCHL
705,ANETTA,KORNALIK
706,WIT,CONGREVE
707,ALIDIA,WEABEN
708,MYRA,PORTIGALL
709,FIANN,ROIZN
710,EUDORA,DUIGNAN
711,JEREMIAH,NESBIT
712,AURELIE,BALAZIN
713,SUTHERLAND,CONRADIE
714,KYRSTIN,WANE
715,BRANDEN,MCKAG
716,SARINE,MULVANY
717,LUCIENNE,SODORY
718,DENNY,SWANSBURY
719,CHAUNCEY,OLLEREARNSHAW
720,MYRVYN,RODENBURGH
721,NEDDA,GRABEHAM
722,LOUISE,MCGEFFEN
723,CHLOETTE,MORRALL
724,BRYANA,DALLY
725,DANNY,CHRISMAS
726,ZACHERY,BOFIELD
727,BILLIE,CARRUTHERS
728,MAURENE,BEVEN
729,JORGE,FAIRBRASS
730,CICILY,GUILDFORD
731,HAMNET,YANSON
732,MARLOWE,DUFFILL
733,MARSH,PRENDERGAST
734,GLENNIS,TUCKIE
735,CHRISTOPER,KILLEEN
736,JODIE,KLEINHAUS
737,MARLENE,FOLKS
738,DESIREE,GEYDON
739,TRIXY,HULLBROOK
740,MELANTHA,SOWMAN
741,ERV,AIRD
742,EARTHA,RICCARDI
743,DICKIE,HARGRAVE
744,DALLON,GEORGHIOU
745,GUSSI,BRANDACCI
746,ANTONS,STANYARD
747,BELITA,CORDEL
748,VALAREE,DOOLER
749,DENE,SCHIMEK
750,BARRI,SIEMIANOWICZ
