1,Tabbitha,Pollak
2,Auroora,Churchward
3,Jessie,Green
4,Corbett,Normanvill
5,Elvera,Parratt
6,Julita,Rakestraw
7,Silvanus,Crocker
8,Marsh,Malby
9,Viviyan,Fairn
10,Carlyn,Casebourne
11,Cathi,Chucks
12,Knox,Culverhouse
13,Noah,Lumber
14,Ewan,Blazynski
15,Colin,Gajewski
16,Irina,Itzkovwich
17,Valentine,Rosenstengel
18,Charo,Pinock
19,Guy,Cutteridge
20,Cherilynn,Cathesyed
21,Alverta,Moffett
22,Germaine,Copozio
23,Hale,Gubbins
24,Fredra,Arstall
25,Burnaby,Chadbourne
26,Sherlocke,Surgeon
27,Samuele,Strotton
28,Taddeusz,Van den Broek
29,Sybyl,Kubica
30,Christin,Szymanowicz
31,Harv,Hendriks
32,Jacklyn,Watkiss
33,Cordula,Cholton
34,Jordain,Tritten
35,Ardelis,Ramel
36,Priscella,Brehaut
37,Lenka,Gatesman
38,Monroe,Keuntje
39,Valera,Dautry
40,Pennie,Eady
41,Heath,Gaitskell
42,Eleen,Gerbel
43,Franny,Ferronet
44,Cary,Catlow
45,Collin,Dumbleton
46,Kiri,Braidford
47,Kristin,Hadwin
48,Alina,Crain
49,Ardelis,Powlesland
50,Julie,Coult
51,Opal,Danilchik
52,Gideon,Sherrocks
53,Emmet,Ahrendsen
54,Rafaelia,McEneny
55,Reinaldos,McKintosh
56,Parker,Romushkin
57,Devy,Holston
58,Roosevelt,Peter
59,Leona,Forgan
60,Tedmund,Barbie
61,Sheela,Fanstone
62,Harland,Kibel
63,Bernete,Pegrum
64,Archibald,Flippelli
65,Gerome,Bownd
66,Beaufort,Smalls
67,Tally,Coldbathe
68,Kipp,Juorio
69,Saxe,Keneforde
70,Wilhelm,Bertson
71,Vite,Descroix
72,Chilton,Woodyer
73,Carlie,Pethrick
74,Eldin,Kolodziej
75,Devonne,Fretson
76,Camile,Metrick
77,Carlie,Stithe
78,Tymothy,Willgress
79,Skip,Carder
80,Dukie,Danahar
81,Clemmie,Ismirnioglou
82,Lisle,Justun
83,Moira,Stean
84,Thedric,Schutze
85,Juliana,Caisley
86,Nil,Sloam
87,Licha,Dounbare
88,Gene,Mendoza
89,Etti,Laurenzi
90,Helenelizabeth,Daffey
91,Letisha,Amsberger
92,Lowell,De Micoli
93,Corene,Pittoli
94,Hartley,Cowterd
95,Michaella,Gidden
96,Garwood,Seller
97,Karia,Frizell
98,Sharyl,Bolding
99,Patrica,Wragg
100,Evie,Elliston
101,Caryl,Buttrum
102,Julianna,Hankins
103,Clayson,Hebron
104,Chiquia,Yeeles
105,Niki,Plinck
106,Augustina,Cabrara
107,Suzanna,Poveleye
108,Davina,Linzee
109,Darsie,Matiewe
110,Shannen,Murkin
111,Dinny,Redon
112,Matilde,Armatys
113,Uriel,Sulman
114,Johna,Kolodziejski
115,Orv,Brandenburg
116,Ronny,Benit
117,Gustave,McAuslene
118,Nicolis,Archibold
119,Haily,Corwood
120,Lanette,Morris
121,Jan,Fleischer
122,Karla,Michelet
123,Ernestine,Eberle
124,Sandro,Pitherick
125,Frannie,Hazelhurst
126,Brantley,Stittle
127,Jaclyn,Danielot
128,Marion,Kubasek
129,Caron,Janzen
130,Christye,Wisam
131,Josias,Gommes
132,Malanie,Jiles
133,Rossy,Le Barr
134,Cody,Redholes
135,Broddie,Lindeboom
136,Shepard,Harteley
137,Ingelbert,Mangam
138,Miguelita,Martynov
139,Margaretta,Denekamp
140,Dale,Fraulo
141,Urson,Beesey
142,Averell,Parzis
143,Stanton,Tarrant
144,Dugald,Jerram
145,Faina,Heninghem
146,Rolph,Sheepy
147,Enrique,Adriaens
148,Sella,Chisholm
149,Ophelie,Pendry
150,Kori,Matthisson
151,Ginnifer,Styche
152,Quentin,Gosse
153,Harmony,Antognozzii
154,Norris,Blinder
155,Trudi,Wheal
156,Joellen,Murgatroyd
157,Danie,Cheyne
158,Goldarina,Bromwich
159,Fabiano,Guillem
160,Joaquin,Feechan
161,Gayla,Branson
162,Selene,Buff
163,Trent,Dibdin
164,Andreana,Langcastle
165,Neron,Lyptratt
166,Susana,Fredi
167,Adda,Godsal
168,Dorothea,Voyce
169,Lewiss,Dubber
170,Odell,Alyukin
171,Isahella,Ingall
172,Timotheus,Kell
173,Franciska,Patkin
174,Roderic,Gowdie
175,Mercy,Flacke
176,Miltie,Lampen
177,Ddene,Saice
178,Jessalin,Draycott
179,Zachery,Vanyukhin
180,Celisse,Sketh
181,Felecia,Gracey
182,Imogene,Bonder
183,Cletis,Forbear
184,Christean,Boutflour
185,Frannie,Bodleigh
186,Virginia,Girard
187,Selle,Midlane
188,Arni,Wixey
189,Milissent,Bearn
190,Klara,Aaronson
191,Erek,Train
192,Mathian,Templman
193,Joshia,Saunders
194,Tonye,Camellini
195,Paton,Bulford
196,Leese,Corballis
197,Andy,Banfield
198,Marnie,Durnill
199,Filberte,Abrahamsen
200,Virgie,Reynault
201,Allissa,Danovich
202,Harris,Heugel
203,Farris,De Courtney
204,Annelise,Weddup
205,Feliks,Attride
206,Victor,Berka
207,Quintilla,Milham
208,Ibby,Millam
209,Stephen,Narramor
210,Tiffie,Butterworth
211,Raye,Iglesias
212,Jemmie,Heijne
213,Thorpe,Lardiner
214,Juliette,Wolffers
215,Halie,Hardway
216,Kendra,Gatchel
217,Quentin,Dolman
218,Osborne,Brodley
219,Dorree,Baynham
220,Saxon,Mico
221,Egan,Lemery
222,Sanson,Standfield
223,Amitie,Fyfield
224,Abbott,Butterley
225,Binni,Verney
226,Ailee,Cellier
227,Nani,Morando
228,Hestia,Smedmore
229,Ingunna,Goathrop
230,Shurwood,Binfield
231,Stafford,Warland
232,Rich,Langfield
233,Ilka,Gurwood
234,Issiah,Hemms
235,Arliene,Childerley
236,Evelina,Sjostrom
237,Sybilla,Tumilson
238,Bird,Warwick
239,Vilma,Coda
240,Benji,Checci
241,Zaria,Scamadin
242,Juliann,Buy
243,Dan,De Rye Barrett
244,Lionello,Dahle
245,Sherie,Gervaise
246,Mead,Alvis
247,Roth,Yoell
248,Mahalia,Freire
249,Ward,MacCarter
250,Cally,Dewis
251,Gage,Windybank
252,Winn,Slatter
253,Eldredge,Elverston
254,Anthea,Murrie
255,Nissy,Gunthorp
256,Roi,Lewendon
257,Gianna,Aronovitz
258,Waldon,Carrell
259,Therese,Molineux
260,Quincey,Coaster
261,Gilemette,Druhan
262,Blair,Daine
263,Nickey,Faire
264,Tallou,Levene
265,Ash,Garnsworthy
266,Winifred,Clashe
267,Nolly,Jannex
268,Casey,Scoggan
269,Tabina,Skeels
270,Joyan,Klousner
271,Frans,Bruyett
272,Ariella,Treadwell
273,Dinnie,Parlot
274,Jeffry,Hadcock
275,Sapphire,Jaksic
276,Elly,Hanretty
277,Garrek,Abbs
278,Tarra,Ioan
279,Victoir,Plitz
280,Rosa,Gershom
281,Latisha,Urry
282,Inness,Binning
283,Amalia,Mourton
284,Seumas,Cubberley
285,Mab,Cleator
286,Stephannie,Quayle
287,Shaw,Levet
288,Devina,Wilstead
289,Casey,Lawless
290,Mellie,Borwick
291,Almeria,Scraney
292,Sheena,Letten
293,Shae,McInteer
294,Ninnette,Pirazzi
295,Shurwood,Collingridge
296,Carolee,Housbie
297,Ruby,McGeaney
298,Tiertza,Lavarack
299,Conney,Dickings
300,Hort,Restieaux
301,Ingemar,Denziloe
302,Gabi,Lightman
303,Bob,Geeson
304,Sallyanne,Gloyens
305,Rozalie,de Chastelain
306,Gasparo,Ennor
307,Amabelle,Fulger
308,Yuri,Vallerine
309,Maurizio,Melledy
310,Manon,Sercombe
311,Sandie,Peris
312,Consalve,Connachan
313,Sibyl,Mertel
314,Hetti,Metzke
315,Lurline,Uttermare
316,Regine,Dorian
317,Selia,Lourenco
318,Nettle,Haggart
319,Gabbie,Freund
320,Roze,Ricciardelli
321,Arny,Axtens
322,Liza,Winthrop
323,Leola,Troppmann
324,Pattin,Breens
325,Randee,Janecek
326,Giulietta,Ossipenko
327,Herb,Tosspell
328,Marney,O'Lynn
329,Patrizia,Vanichkov
330,Grazia,Kiessel
331,Darn,Antoniak
332,Philippa,Birkenshaw
333,Tam,Murray
334,Luz,Rieger
335,Pammi,Cogdell
336,Randolf,McKellen
337,Pennie,Bassford
338,Domenico,Bagniuk
339,Laurena,Gambie
340,Janine,Records
341,Delora,Hacking
342,Kelley,Joska
343,Preston,Kyrkeman
344,Dorthy,Buey
345,Aloise,Grzelak
346,Fae,Glendza
347,Ferne,Buddock
348,Terrie,Knewstubb
349,Gonzalo,Garmons
350,Alberta,Collin
351,Shanta,McKintosh
352,Giorgia,Leighton
353,Kingston,Diess
354,Ariel,Casolla
355,Inesita,Esby
356,Ivett,MacShane
357,Tatiania,Vittore
358,Prince,Evangelinos
359,Veronike,Purkess
360,Joyan,Christopherson
361,Zacharias,Bettison
362,Lauraine,Dudderidge
363,Arnie,Dreamer
364,Andrej,Cottier
365,Stanislaus,Gaskoin
366,Roanna,Badgers
367,Selig,Canedo
368,Odell,Crosser
369,Forbes,Meneux
370,Cosetta,Becks
371,Jimmy,Rooze
372,Melly,MacKibbon
373,Tanney,Huchot
374,Marchall,Conningham
375,Fonzie,Chesnut
376,Garik,Kunrad
377,Amil,Munkley
378,Abbe,McHan
379,Axe,Vanns
380,Bar,Hanks
381,Bevin,Wickson
382,Laney,Puvia
383,Reagan,Joselevitch
384,Rickey,Bawle
385,Burch,Cholton
386,Aloise,McMahon
387,Karmen,Kempe
388,Vachel,Gamil
389,Neile,Spaven
390,Jackqueline,Grigoliis
391,Hube,O'Rudden
392,Lionel,Klemencic
393,Cobby,Watkiss
394,Forester,Freathy
395,Allister,Yakuntsov
396,Stacie,Allom
397,Lenore,Dobrovolski
398,Robyn,Gee
399,Yehudit,Pask
400,Maryanna,Freed
401,Orlan,Luttgert
402,Henderson,Spilsbury
403,Yves,Vernall
404,Fredi,Andresser
405,Bennie,MacNeillie
406,Gillian,Friday
407,Benedetto,Bardwall
408,Deborah,Tottle
409,Kata,Otter
410,Vassili,Newey
411,Benedick,Alsop
412,Gabie,Crust
413,Paco,Petry
414,Gregorio,Whitehorn
415,Tabitha,Halford
416,Morley,Polak
417,Dick,Waples
418,Mischa,Cheevers
419,Vonnie,Grindell
420,Eugenia,Moyse
421,Inesita,Osban
422,Son,Greenwell
423,Perry,Semerad
424,Sonnie,Arrighi
425,Mei,Muscott
426,Berrie,Poulgreen
427,Cyndia,Rames
428,Nicky,Yvon
429,Anet,Chavey
430,Kassey,Askell
431,Lorine,Jirsa
432,Gwennie,McMichan
433,Benton,Bencher
434,Milissent,Cord
435,Carlye,Burdas
436,Darci,Malloy
437,Dara,Symmons
438,Wendeline,Lettington
439,Roxie,Duff
440,Deena,Rapinett
441,Neddie,Skeermer
442,Rodrigo,Lauxmann
443,Kiele,Koche
444,Drucie,Hilldrup
445,Donalt,Matches
446,Pippa,Regnard
447,Roman,Bambery
448,Nissy,Hugnot
449,Percy,Sancho
450,Cart,MacKey
451,Abigael,Benkhe
452,Emmerich,Folliss
453,Rosaline,Ors
454,Alf,Penni
455,Ronni,Fagge
456,Isac,Greatland
457,Early,Armfield
458,Carina,Mathelon
459,Sarge,Steuart
460,Georgianna,Faltskog
461,Marysa,Hansana
462,Clary,O'Kane
463,Ches,Duckerin
464,Bendick,Marcome
465,Kat,Butfield
466,Dorree,Worlock
467,Natalina,Abelwhite
468,Annemarie,Sokill
469,Rodolphe,Behnecke
470,Valle,Drewett
471,Edsel,Pendreigh
472,Theodore,Kliche
473,Florence,Greschke
474,Katti,Lalevee
475,Chaim,Crawshay
476,Robers,Mussotti
477,Shell,Mariner
478,Cale,Wink
479,Irvine,Rutherford
480,Buck,Punt
481,Genia,Grogona
482,Reinaldo,Kulis
483,Timoteo,Maric
484,Arabel,Withringten
485,Montague,Archbald
486,Ardyce,Phifer
487,Janeczka,Skillanders
488,Kyrstin,Kaspar
489,Donny,Gibbins
490,Carrol,Bagguley
491,Alejandro,Shevels
492,Elsinore,Ferrari
493,Pier,Garcia
494,Fleming,Wace
495,Felicdad,Summerson
496,Fairfax,Lilburne
497,Mordecai,Leneham
498,Elizabet,Sirmond
499,Fae,Vossing
500,Hercules,Tyght
501,Ethyl,Ciric
502,Jessamyn,Rizzillo
503,Evvie,Pankethman
504,Osmund,Fink
505,Sabine,Ancliff
506,Pincus,Messiter
507,Dunn,MacKnight
508,Bernelle,Gunby
509,Olag,Vellender
510,Jacquette,Dugget
511,Isabelita,Peartree
512,Vivia,Bernasek
513,Pauly,Rieflin
514,Eugene,Causnett
515,Michaella,Buzek
516,Moshe,Dundridge
517,Ludovika,McNerlin
518,Melita,Huntriss
519,Loralyn,Bramer
520,Annice,Victory
521,Ophelia,Verbrugghen
522,Dukey,Hoult
523,Lory,Shermore
524,Audi,Leedes
525,Shannon,Rosenhaus
526,Scarlet,Poland
527,Aeriel,Lafoy
528,Allie,Maplestone
529,Almeria,Devericks
530,Dane,Biggen
531,Willdon,Delahunty
532,Christabella,Aleshintsev
533,Gunter,Guthrie
534,Nonie,Leake
535,Brose,Denerley
536,Garrott,Alkins
537,Constantin,Dunphy
538,Juli,Strethill
539,Janel,Hutt
540,Ricardo,Seif
541,Janella,Hounsham
542,Tanner,Kurton
543,Terrance,Daws
544,Philbert,Prew
545,Herc,Wiggin
546,Burk,Glazzard
547,Leonore,Drewes
548,Greer,Silbermann
549,Vidovic,De Blasi
550,Waldo,Bahde
551,Ediva,Tough
552,Terra,Cholonin
553,Adam,Hairesnape
554,Cammy,Boothroyd
555,Kylila,Decruse
556,Hilary,Goodband
557,Fionna,Smaleman
558,Prisca,Bannerman
559,Dalila,Martini
560,Elene,Francey
561,Agathe,Dallinder
562,Doe,Boddington
563,Cly,Moakson
564,Gilly,Wedderburn
565,Vita,Vasyagin
566,Joann,Lago
567,Bastian,Duffyn
568,Sephira,Medwell
569,Leonerd,Barkshire
570,Clarinda,Masson
571,Sanderson,Olyet
572,Urson,Balint
573,Davine,Stern
574,Cordy,Chappell
575,Antonia,Kupker
576,Royall,Aslum
577,Helen-elizabeth,Paige
578,Davide,Goodsall
579,Doy,Rubinowitch
580,Merrie,Chazelle
581,Mack,Blaske
582,Dehlia,Borth
583,Guss,Willshee
584,Jessamine,Snar
585,Ali,Logsdale
586,Rosella,Sheridan
587,Gage,Hakes
588,Elsi,Tonner
589,Nicoline,La Vigne
590,Cassondra,Van T'Hoog
591,Arri,Selvey
592,Arri,Hearnshaw
593,Orazio,MacIan
594,Steffen,Disbrow
595,Belita,Hobbema
596,Fallon,Heffy
597,Wesley,Stark
598,Ilysa,McAlarney
599,Reginald,Cudiff
600,Maribel,Hurdedge
601,Bennie,Hatfield
602,Caresse,Royle
603,Tonya,Cobbin
604,Mallissa,Warman
605,Kirbee,Verdey
606,Chrisse,Stocker
607,Malva,Abramsky
608,Ellary,Hadcock
609,Boris,Pragnall
610,Peter,Houdmont
611,Carleton,Raynham
612,Clementine,Fairman
613,Farrah,Triplet
614,Tait,Tolliday
615,Myrtia,Beldham
616,Ottilie,Samsonsen
617,Bordy,Rodmell
618,Roddy,Yakovitch
619,Thaddus,Barnardo
620,Ernest,Edgler
621,Alli,Debill
622,Jarrod,Kenrick
623,Camila,Revett
624,Aloin,Gundrey
625,Jorrie,Kebbell
626,Tobye,Feasey
627,Laird,Bissell
628,Roanne,Gross
629,Lombard,Pattesall
630,Graham,Bangle
631,Tadd,Gough
632,Ruthanne,Vasic
633,Garrik,Gannon
634,Vernor,Fazan
635,Abigael,Pridmore
636,Brena,Brugger
637,Oby,Yapp
638,Torrey,Hilliam
639,Jenda,Drescher
640,Rogerio,Costerd
641,Forest,Steinhammer
642,Gabriel,Collier
643,Sayre,Busek
644,Chad,Klimt
645,Elsworth,Whyatt
646,Cristionna,Simonetto
647,Conny,Smewings
648,Bev,Bullers
649,Emlynn,Pickerell
650,Farrand,Wearn
651,Bat,Blakiston
652,Bart,Gery
653,Aksel,Dybell
654,Henderson,Bowton
655,Berni,Vahl
656,Chas,Troni
657,Elfreda,Ney
658,Loralyn,Fermer
659,Devonne,Portis
660,Nicola,Oldale
661,Sari,Dashwood
662,Eziechiele,Schelle
663,Jenda,Paladino
664,Ericka,Swadlin
665,Coraline,Masding
666,Deeann,Markovic
667,Starlin,Saurat
668,Andie,Guiel
669,Beryle,Widdicombe
670,Mei,Stoltz
671,Siegfried,MacKissack
672,Byron,McMains
673,Tonnie,Westmancoat
674,Ralf,Dacke
675,Georgia,Cubuzzi
676,Gardy,Werner
677,Chick,Savile
678,Lebbie,Gallihawk
679,Dex,Towson
680,Nate,MacArte
681,Daphna,Petrushanko
682,Torr,Kleeman
683,Lissie,Escoffrey
684,Lotty,Lemasney
685,Joaquin,Hugenin
686,Kim,Benediktsson
687,Orland,Fetherston
688,Sheppard,Leeves
689,Clevie,Syred
690,Drusi,McFfaden
691,Devland,L'Hommee
692,Adi,Phipp
693,Moe,Hornung
694,Joscelin,Bagnall
695,Vernen,Eckley
696,Tarra,Boutwell
697,Allistir,Eddow
698,Blancha,Birtley
699,Janeczka,Rubin
700,Karon,Dunbleton
701,Clara,Redley
702,Dulci,Marishenko
703,Jordanna,Vashchenko
704,Aurea,Kochl
705,Anetta,Kornalik
706,Wit,Congreve
707,Alidia,Weaben
708,Myra,Portigall
709,Fiann,Roizn
710,Eudora,Duignan
711,Jeremiah,Nesbit
712,Aurelie,Balazin
713,Sutherland,Conradie
714,Kyrstin,Wane
715,Branden,McKag
716,Sarine,Mulvany
717,Lucienne,Sodory
718,Denny,Swansbury
719,Chauncey,Ollerearnshaw
720,Myrvyn,Rodenburgh
721,Nedda,Grabeham
722,Louise,McGeffen
723,Chloette,Morrall
724,Bryana,Dally
725,Danny,Chrismas
726,Zachery,Bofield
727,Billie,Carruthers
728,Maurene,Beven
729,Jorge,Fairbrass
730,Cicily,Guildford
731,Hamnet,Yanson
732,Marlowe,Duffill
733,Marsh,Prendergast
734,Glennis,Tuckie
735,Christoper,Killeen
736,Jodie,Kleinhaus
737,Marlene,Folks
738,Desiree,Geydon
739,Trixy,Hullbrook
740,Melantha,Sowman
741,Erv,Aird
742,Eartha,Riccardi
743,Dickie,Hargrave
744,Dallon,Georghiou
745,Gussi,Brandacci
746,Antons,Stanyard
747,Belita,Cordel
748,Valaree,Dooler
749,Dene,Schimek
750,Barri,Siemianowicz
751,Masha,Deboick
752,Alfredo,Lehrmann
753,Andre,Brunon
754,Quentin,Jakab
755,Karney,Gellion
756,Giorgia,Bern
757,Kimmi,Dourin
758,Lulita,Jagiello
759,Jada,Bottjer
760,Burnard,Pymm
761,Collie,Coulman
762,Saidee,Bremner
763,Tisha,Blacktin
764,Ranna,Humbell
765,Fredra,Malt
766,Sterne,Sturgess
767,Parrnell,Troman
768,Jessamyn,Furness
769,Linnie,Calyton
770,Basile,Capelle
771,Mel,Rodgier
772,Artair,Zannini
773,Reid,Wedge
774,Monica,Wyvill
775,Linus,Kinney
776,Jessalyn,Huyton
777,Jere,Papierz
778,Christoper,Rutgers
779,Cary,Webling
780,Ximenes,Reece
781,Etti,Saffer
782,Bobinette,Nutley
783,Eugenie,Lattimer
784,Wylie,Deguara
785,Cheslie,Harnell
786,Spence,Buchan
787,Georgina,Jakov
788,Brice,Wornham
789,Tisha,Legate
790,Gennifer,Dielhenn
791,Durward,Alfonsini
792,Tracey,Ruddiman
793,Phebe,Maffi
794,Hadley,Merriday
795,Eugine,Parry
796,Smitty,Feander
797,Danell,Mattocks
798,Elmore,Howood
799,Daryl,Jozsef
800,Kristyn,Evers
801,Timi,Bassill
802,Roselin,Gusticke
803,Selene,Grist
804,Danika,Creeboe
805,Michal,Mackley
806,Dell,Piolli
807,Daryl,Wilsdon
808,Lenore,Jenicek
809,Gabie,Guile
810,Nicko,Redrup
811,Karyn,Gronno
812,Rolph,McPaike
813,Melesa,Wetton
814,Kirsti,MacKain
815,Benjamen,Tate
816,Cece,Shurrock
817,Abe,Lindfors
818,Nickolai,Avrahamian
819,Calla,Derrington
820,Etheline,Kipling
821,Dino,Crace
822,Lennie,Leydon
823,Cassy,Prandini
824,Mandi,Heifer
825,Darnall,Vallentin
826,Christa,Cancellieri
827,Andee,Ebertz
828,Amos,Bagguley
829,Burk,Hartzogs
830,Terrance,Andretti
831,Jere,Dolby
832,Kenna,Woodgate
833,Roarke,Spottiswood
834,Anabelle,Kelland
835,Pammie,Bovaird
836,Valeria,Bankhurst
837,Eldon,Scranney
838,Lorita,Greenlees
839,Haslett,Pllu
840,Magnum,Dumbell
841,Ashley,Meekins
842,Gertrud,Gerrad
843,Ced,Demangeot
844,Udale,Abbatini
845,Alaster,Gorioli
846,Donna,Jeandot
847,Lamont,Schermick
848,Dolph,Screeton
849,Dorey,Pyecroft
850,Josias,Nellis
851,Arlie,Prall
852,Olivette,Tuttiett
853,Wilden,Peskin
854,Kristi,O'Shesnan
855,Michelle,Bulteel
856,Richmound,Glen
857,Zelda,Coonan
858,Sheila,Dow
859,Corella,Ebi
860,Bil,Lambotin
861,Adore,Degli Abbati
862,Armand,Wulfinger
863,Steffane,Cramer
864,Vernon,Gandy
865,Petronille,Erangy
866,Leonard,Shippam
867,Gretchen,Pinn
868,Rubia,Tuson
869,Barnard,O'Meara
870,Alvy,Turnor
871,Joanie,Cundy
872,Grayce,Rippen
873,Terry,Bremmer
874,Tedman,Klimkiewich
875,Bibbye,Bridson
876,Gail,Piche
877,Tibold,Edmundson
878,Yard,Walcher
879,Ayn,Frigot
880,Pernell,Greville
881,Malchy,Ehrat
882,Arlee,Clemente
883,Cly,Cornau
884,Tris,Duetschens
885,Anabal,Baldacchino
886,Cindy,Hauxby
887,Stefan,Tale
888,Wilie,Ladloe
889,Royall,Huncoot
890,Honor,Bernaldez
891,Rudolfo,Billiard
892,Burlie,Martel
893,Annabelle,Fewtrell
894,Rockey,Vearncombe
895,Karla,Pregal
896,Ailey,Elsdon
897,Avril,Shovell
898,Honey,Klimsch
899,Charlton,Shelmardine
900,Chuck,Wingatt
901,Nial,Eouzan
902,Morlee,Klaesson
903,Elsinore,Elder
904,Arnoldo,Minard
905,Frannie,Emons
906,Mick,McAlister
907,Nicholas,Yurchishin
908,Durante,Arkow
909,Alina,McGarry
910,Britt,Benedicto
911,Aila,Duigan
912,Horatia,Pashbee
913,Hyacinthia,Petyanin
914,Romy,Meriet
915,Norrie,Hall-Gough
916,Marc,Stamp
917,Fiorenze,Kosel
918,Egor,Heatly
919,Elise,Torra
920,Jaquelyn,Farnhill
921,Elie,Yurasov
922,Noe,Mc-Kerley
923,Merrick,Mawby
924,Heddie,Lechmere
925,Dimitri,Keedy
926,Benedetto,Skentelbury
927,Ara,Bond
928,Jillane,McComiskey
929,Berky,MacCardle
930,Freddy,Ing
931,Lari,Billyard
932,Keven,Cutsforth
933,Carolan,Van Castele
934,Olympe,Pyzer
935,Prue,Heinritz
936,Camey,Cowper
937,Reggi,Arniz
938,Barty,Woolley
939,Rochella,Nattriss
940,Jodie,Arstingall
941,Alyss,Regi
942,Kitti,Dewen
943,Bailey,Conley
944,Clemens,Siggers
945,Rolland,Futty
946,Gard,Sullivan
947,Saunders,Moxted
948,Rozalie,Stobbie
949,Carolann,Bossingham
950,Gaelan,Awcoate
951,Guthrie,Mancktelow
952,Charmion,Whieldon
953,Bella,Sutch
954,Alvira,Potteril
955,Blondelle,Lorek
956,Frank,Sagg
957,Claresta,Riggs
958,Zorina,Mote
959,Der,Verna
960,Jacquette,Thorold
961,Flinn,Persicke
962,Goran,MacClure
963,Noe,Saltman
964,Vite,McQuorkel
965,Zsazsa,Etheredge
966,Decca,Pickaver
967,Emory,Schuster
968,Ame,Lowthorpe
969,Korry,Anton
970,Mandie,Halms
971,Tait,Raywood
972,Bancroft,Piggen
973,Jeremiah,Jamme
974,Garwin,Cody
975,Shaylynn,Woolrich
976,Clerkclaude,Leech
977,Amalea,Sines
978,Hilly,Harbinson
979,Janek,Penelli
980,Pieter,Rogez
981,Julius,Tallis
982,Vin,Fairlie
983,Chip,MacNelly
984,Glenna,Brittlebank
985,Hirsch,Lotze
986,Di,Cow
987,Cammy,Gertray
988,Hendrik,Heath
989,Val,Sayer
990,Frederik,Roullier
991,Dorri,Marrow
992,Auberon,Adolphine
993,Jenifer,Piken
994,Shelba,Aujouanet
995,Wally,Addis
996,Sybilla,Roan
997,Gallagher,Foad
998,Jemimah,Conew
999,Lynn,Oluwatoyin
1000,Tann,Martinetto
